{
  "action plan strategies dsrm04": 0.14729358880341828,
  "ipr and ethical issues dsdm06": 0.06979013802166481,
  "complex data visulization dsda06": 0.05036823755848768,
  "improve existing services dsdk02": 0.16214824940022457,
  "new data analytics applications dseng06": 0.17088954165451378,
  "contribution to research objectives dsrm05": 0.15212617127717568,
  "customer data analysis dsdk05": 0.11748348126851409,
  "data collection and integration dsdm03": 0.12012092376169685,
  "participation financial decisions dsdk03": 0.3115664501338832,
  "innovative ideas development dsrm06": 0.08759777728374989,
  "systematic study dsrm02": 0.23488655591648602,
  "data models dsdm02": 0.09176347394357641,
  "engineering principles dseng01": 0.18127054565891734,
  "analytic support to other organisation dsdk04": 0.16906242142163008,
  "predictive analytics dsda01": 0.2629690532588154,
  "relational and non-relational databases dseng04": 0.1615024645988167,
  "statistical techniques dsda02": 0.24664371573846036,
  "analytics for decision making dsda03": 0.14150408093732084,
  "computational science dseng02": 0.18042291840332686,
  "repository of analysis history dsdm04": 0.07265828141721652,
  "scientific method dsrm01": 0.07274431582440816,
  "data management plan dsdm01": 0.07348400822341768,
  "big data analytics platform dsda05": 0.07685600164446506,
  "devise new applications dsrm03": 0.23474809512535283,
  "business process dsdk01": 0.2374214586636118,
  "security service management dseng05": 0.09944975445102881,
  "data blending dsda04": 0.11077596732331448,
  "analysis tools for decision making dseng03": 0.19934145188896019,
  "data curation dsdm05": 0.11508241305581697,
  "marketing data analysis dsdk06": 0.18921848770830288
}
